Drug,Current_Stock,Weekly_Sales,Lead_Time_Days,Department,Unit_Cost,Therapeutic_Class,Min_Stock_Level,Max_Stock_Level
Paracetamol,2842,406,7,General,0.05,Analgesics,1018,5443
Ibuprofen,736,184,5,General,0.08,Analgesics,242,1315
Morphine,528,66,21,ICU,2.5,Analgesics,192,1297
Fentanyl,623,89,28,ICU,15.0,Analgesics,187,1327
Hydromorphone,45,15,28,ICU,8.5,Analgesics,9,107
Oxycodone,993,331,5,General,3.2,Analgesics,282,2219
Tramadol,1014,169,10,General,0.85,Analgesics,237,1645
Codeine,1729,247,7,General,0.45,Analgesics,524,3713
Aspirin,320,80,5,Cardiology,0.02,Analgesics,127,676
Acetaminophen_IV,208,26,21,ICU,8.5,Analgesics,65,342
Ketorolac,81,27,21,ICU,2.5,Analgesics,22,122
Celecoxib,1752,292,7,Rheumatology,2.5,Analgesics,658,4188
Amoxicillin,93,31,10,General,0.15,Antibiotics,28,181
Ceftriaxone,1490,298,7,General,12.5,Antibiotics,304,2340
Vancomycin,225,75,28,ICU,45.0,Antibiotics,88,412
Ciprofloxacin,4776,597,14,General,2.5,Antibiotics,1345,9424
Azithromycin,954,318,14,General,3.5,Antibiotics,280,2160
Clindamycin,1056,352,10,General,2.85,Antibiotics,282,2172
Metronidazole,1776,444,5,General,1.85,Antibiotics,363,3005
Levofloxacin,2270,454,10,General,4.8,Antibiotics,735,3558
Doxycycline,2304,576,10,General,1.25,Antibiotics,883,4669
Penicillin_G,1932,276,5,General,0.85,Antibiotics,649,4624
Cephalexin,126,42,14,General,0.85,Antibiotics,32,296
Gentamicin,249,83,14,ICU,4.5,Antibiotics,87,562
Piperacillin_Tazobactam,702,117,28,ICU,25.5,Antibiotics,177,1741
Linezolid,525,75,28,ICU,125.8,Antibiotics,148,1238
Daptomycin,385,77,21,ICU,185.5,Antibiotics,88,723
Lisinopril,2674,382,10,Cardiology,0.18,Cardiovascular,896,5152
Atorvastatin,960,160,5,Cardiology,0.35,Cardiovascular,266,2275
Amlodipine,660,132,10,Cardiology,0.22,Cardiovascular,226,1263
Metoprolol,738,123,7,Cardiology,0.35,Cardiovascular,257,1207
Warfarin,1120,140,5,Cardiology,0.45,Cardiovascular,329,2559
Furosemide,1575,315,10,Cardiology,0.15,Cardiovascular,387,3301
Digoxin,2023,289,14,Cardiology,0.65,Cardiovascular,606,3236
Clopidogrel,488,61,7,Cardiology,1.25,Cardiovascular,150,996
Diltiazem,1168,146,10,Cardiology,0.75,Cardiovascular,407,2657
Propranolol,1120,224,5,Cardiology,0.28,Cardiovascular,413,1921
Enalapril,1475,295,7,Cardiology,0.22,Cardiovascular,583,2878
Losartan,1168,292,5,Cardiology,0.45,Cardiovascular,404,2795
Simvastatin,2541,363,14,Cardiology,0.18,Cardiovascular,754,4460
Heparin,2736,342,10,Cardiology,8.5,Cardiovascular,662,5490
Nitroglycerin,720,90,28,ICU,2.5,Cardiovascular,208,1455
Phenytoin,340,68,14,Neurology,0.85,CNS_Medications,121,639
Levetiracetam,1476,369,14,Neurology,3.2,CNS_Medications,540,3368
Carbamazepine,530,106,5,Neurology,1.85,CNS_Medications,174,949
Valproic_Acid,1078,154,14,Neurology,2.2,CNS_Medications,274,2625
Gabapentin,1904,272,10,Neurology,1.25,CNS_Medications,473,3751
Lamotrigine,1352,169,10,Neurology,3.5,CNS_Medications,431,3248
Haloperidol,882,294,5,Psychiatry,1.25,CNS_Medications,312,2108
Risperidone,1012,253,7,Psychiatry,2.5,CNS_Medications,373,1874
Fluoxetine,903,301,5,Psychiatry,0.95,CNS_Medications,183,1946
Sertraline,1200,400,7,Psychiatry,1.25,CNS_Medications,311,2037
Lithium_Carbonate,1197,171,7,Psychiatry,0.45,CNS_Medications,403,2940
Diazepam,432,144,14,General,0.95,CNS_Medications,124,835
Lorazepam,231,77,28,ICU,2.8,CNS_Medications,55,422
Midazolam,57,19,21,ICU,3.2,CNS_Medications,19,110
Donepezil,966,161,7,Neurology,5.2,CNS_Medications,303,1581
Metformin,784,196,10,Endocrine,0.12,Endocrine,301,1743
Insulin_Glargine,231,77,7,Endocrine,25.0,Endocrine,85,468
Insulin_Aspart,1056,176,7,Endocrine,28.5,Endocrine,222,2406
Glyburide,905,181,14,Endocrine,0.25,Endocrine,236,2093
Pioglitazone,2352,336,5,Endocrine,1.85,Endocrine,554,3540
Sitagliptin,836,209,14,Endocrine,3.85,Endocrine,172,1317
Levothyroxine,2480,310,7,Endocrine,0.15,Endocrine,874,3812
Hydrocortisone,966,161,7,Endocrine,0.65,Endocrine,221,2329
Prednisone,3976,568,7,General,0.25,Endocrine,1446,8893
Dexamethasone,688,86,14,ICU,2.5,Endocrine,171,1664
Testosterone,1744,218,5,Endocrine,8.5,Endocrine,611,3502
Estradiol,1194,398,5,Gynecology,2.85,Endocrine,281,2070
Albuterol,1576,394,7,Respiratory,2.8,Respiratory,431,3822
Prednisolone,1794,598,5,General,0.75,Respiratory,532,3278
Budesonide,70,14,10,Respiratory,8.5,Respiratory,16,135
Montelukast,126,21,7,Respiratory,3.5,Respiratory,29,262
Theophylline,108,27,7,Respiratory,1.85,Respiratory,27,192
Ipratropium,864,144,14,Respiratory,4.8,Respiratory,323,2033
Tiotropium,99,33,14,Respiratory,25.5,Respiratory,23,192
Fluticasone,534,178,7,Respiratory,12.5,Respiratory,133,822
Salmeterol,1128,376,5,Respiratory,12.5,Respiratory,419,2447
Acetylcysteine,2992,374,5,Respiratory,3.5,Respiratory,943,5907
Guaifenesin,1116,279,14,Respiratory,0.85,Respiratory,305,2043
Omeprazole,1320,330,7,Gastro,0.28,Gastrointestinal,496,2042
Pantoprazole,675,135,10,Gastro,2.5,Gastrointestinal,144,1247
Ranitidine,1074,179,7,Gastro,0.65,Gastrointestinal,378,2505
Metoclopramide,1308,327,7,Gastro,0.45,Gastrointestinal,408,3084
Ondansetron,990,165,14,Gastro,3.5,Gastrointestinal,383,2300
Loperamide,1420,355,14,Gastro,0.85,Gastrointestinal,426,2849
Bisacodyl,1498,214,10,Gastro,0.45,Gastrointestinal,353,2766
Lactulose,1743,249,14,Gastro,1.85,Gastrointestinal,593,2618
Simethicone,438,73,7,Gastro,0.35,Gastrointestinal,139,735
Sucralfate,942,157,7,Gastro,1.85,Gastrointestinal,236,2019
Lansoprazole,222,74,10,Gastro,1.85,Gastrointestinal,65,432
Doxorubicin,84,12,28,Oncology,125.5,Oncology,18,137
Cyclophosphamide,474,79,35,Oncology,85.2,Oncology,121,1003
Methotrexate,30,10,35,Oncology,12.5,Oncology,11,70
Cisplatin,123,41,28,Oncology,225.8,Oncology,48,214
Paclitaxel,416,52,35,Oncology,95.5,Oncology,136,711
Rituximab,48,16,21,Oncology,1250.5,Oncology,18,82
Trastuzumab,441,63,14,Oncology,1850.8,Oncology,150,706
Imatinib,195,39,21,Oncology,125.5,Oncology,54,380
Tamoxifen,246,41,28,Oncology,2.5,Oncology,56,439
Anastrozole,60,20,21,Oncology,8.5,Oncology,14,104
Bevacizumab,198,33,21,Oncology,2250.2,Oncology,64,423
Propofol,285,95,21,ICU,8.5,ICU_Medications,84,523
Dopamine,348,58,21,ICU,12.5,ICU_Medications,92,755
Norepinephrine,155,31,21,ICU,18.5,ICU_Medications,60,276
Epinephrine,246,82,14,ICU,8.5,ICU_Medications,64,579
Vasopressin,195,65,21,ICU,85.5,ICU_Medications,54,442
Ketamine,322,46,14,ICU,12.8,ICU_Medications,116,720
Succinylcholine,294,49,14,ICU,18.2,ICU_Medications,102,572
Rocuronium,55,11,21,ICU,22.5,ICU_Medications,21,127
Atropine,343,49,21,ICU,5.2,ICU_Medications,70,838
Naloxone,500,100,28,ICU,12.5,ICU_Medications,190,966
Flumazenil,135,45,28,ICU,18.5,ICU_Medications,29,253
Hydroxychloroquine,2464,352,10,Rheumatology,1.85,Rheumatology,718,5595
Methotrexate_Rheumatology,427,61,5,Rheumatology,8.5,Rheumatology,152,854
Adalimumab,497,71,28,Rheumatology,1250.5,Rheumatology,108,1198
Etanercept,155,31,14,Rheumatology,1125.8,Rheumatology,45,366
Alendronate,1047,349,5,Rheumatology,2.5,Rheumatology,233,2431
Denosumab,1448,362,21,Rheumatology,1850.5,Rheumatology,432,2629
Azathioprine,2032,254,7,Rheumatology,1.85,Rheumatology,736,5017
Cyclosporine,1560,260,10,Rheumatology,25.5,Rheumatology,605,3818
Sevelamer,1088,272,5,Nephrology,8.5,Nephrology,432,2322
Darbepoetin,1179,393,21,Nephrology,425.5,Nephrology,395,2507
Calcium_Acetate,215,43,14,Nephrology,1.85,Nephrology,59,322
Deferasirox,68,17,14,Nephrology,125.5,Nephrology,26,159
Sodium_Polystyrene_Sulfonate,381,127,5,Nephrology,2.5,Nephrology,110,850
Cyanocobalamin,528,66,5,General,0.85,Vitamins_Supplements,174,1192
Thiamine,574,82,7,General,0.35,Vitamins_Supplements,179,1216
Folic_Acid,3339,477,10,General,0.15,Vitamins_Supplements,971,6306
Ascorbic_Acid,996,166,7,General,0.08,Vitamins_Supplements,299,2212
Cholecalciferol,867,289,10,General,0.45,Vitamins_Supplements,306,2152
Iron_Sulfate,1773,591,7,General,0.25,Vitamins_Supplements,482,3411
Calcium_Carbonate,2475,495,5,General,0.15,Vitamins_Supplements,501,5453
Magnesium_Sulfate,3444,492,7,General,0.45,Vitamins_Supplements,741,7599
Potassium_Chloride,2359,337,5,General,0.25,Vitamins_Supplements,739,4691
Zinc_Sulfate,240,40,10,General,0.45,Vitamins_Supplements,63,368
Acetaminophen_500mg,834,139,7,General,2.09,Analgesic,250,1668
Ibuprofen_400mg,1930,193,5,General,0.37,Analgesic,579,3860
Naproxen_250mg,1170,117,7,General,3.74,Analgesic,351,2340
Diclofenac_50mg,500,50,5,General,1.08,Analgesic,150,1000
Meloxicam_15mg,645,129,10,General,1.24,Analgesic,193,1290
Indomethacin_25mg,618,103,5,General,3.38,Analgesic,185,1236
Sulindac_200mg,675,135,7,General,4.78,Analgesic,202,1350
Etodolac_400mg,905,181,10,General,0.95,Analgesic,271,1810
Nabumetone_500mg,700,70,10,General,3.97,Analgesic,210,1400
Piroxicam_20mg,558,93,10,General,3.74,Analgesic,167,1116
Celecoxib_200mg,738,82,10,General,2.79,Analgesic,221,1476
Valdecoxib_10mg,780,156,10,General,0.26,Analgesic,234,1560
Rofecoxib_25mg,891,99,5,General,1.0,Analgesic,267,1782
Etoricoxib_90mg,560,80,5,General,1.87,Analgesic,168,1120
Lumiracoxib_100mg,1239,177,10,General,0.65,Analgesic,371,2478
Parecoxib_40mg,532,133,5,General,1.61,Analgesic,159,1064
Metametcillin,432,48,14,Respiratory,103.89,Antibiotic,117,1170
Alphaflusartan,84,14,21,Respiratory,3.42,Anticonvulsant,25,189
Promorzole,1105,221,21,Cardiology,84.33,Antidepressant,360,2075
Metaacepine,1570,157,14,ICU,16.08,Diuretic,549,2386
Maxflucillin,756,84,10,Respiratory,108.96,Antibiotic,156,1819
Gammalevcillin,1881,171,10,Endocrine,84.95,Antihypertensive,725,4632
Metasulpine,1055,211,7,Endocrine,92.77,Diuretic,222,2218
Ultradexzole,552,184,7,ICU,22.91,Antiemetic,129,1543
Protrinol,2264,283,14,Gastro,143.15,Antibiotic,573,3888
Betamorcillin,780,65,10,Respiratory,105.28,Analgesic,217,2049
Prometzole,168,21,14,ICU,198.64,Antibiotic,56,327
Metafenpril,1760,160,21,Cardiology,168.2,Antidepressant,560,4124
Deltaacelol,3168,264,5,General,159.03,Antidepressant,1152,7756
Maxacecaine,616,77,5,Endocrine,13.65,Analgesic,188,1173
Superfluzole,414,138,7,General,37.94,Anticonvulsant,164,784
Neodexpine,1099,157,7,Neurology,123.71,Antibiotic,413,2074
Supermetcillin,2916,243,21,Gastro,185.17,Anticonvulsant,854,6192
Betasulzole,1716,156,10,Gastro,100.58,Antidepressant,510,4657
Maxlevpril,288,72,21,ICU,170.99,Antidepressant,111,695
Maxacecillin,1904,272,5,Endocrine,193.53,Anticonvulsant,389,3463
Ultratripine,944,236,21,General,139.28,Bronchodilator,210,1851
Metafenpril,810,162,5,Neurology,34.98,Analgesic,179,1309
Protrisartan,297,27,10,Respiratory,165.07,Antihypertensive,71,519
Ultradexnol,2547,283,14,General,23.66,Diuretic,641,4338
Gammafenstatin,660,60,7,ICU,175.98,Bronchodilator,177,1387
Metadexsartan,891,99,5,Respiratory,20.59,Diuretic,263,1917
Betacarnol,1325,265,5,ICU,4.25,Antihypertensive,474,2688
Betaacemycin,348,58,5,Endocrine,159.28,Antihypertensive,111,570
Maxmetcillin,657,73,14,Respiratory,193.9,Antibiotic,256,1537
Profencillin,1570,157,14,Gastro,0.41,Antihypertensive,421,3044
Betametstatin,360,30,10,Respiratory,17.45,Anticonvulsant,142,751
Alphadexnol,1032,172,21,Gastro,122.32,Antidepressant,219,2771
Ultratrizole,216,24,10,Gastro,196.27,Diuretic,64,433
Maxflupine,1113,159,10,Gastro,42.82,Bronchodilator,385,1941
Deltaflupril,224,56,7,Respiratory,116.91,Antiemetic,77,537
Profensartan,441,49,7,Neurology,16.3,Antidepressant,123,814
Ultrasulpine,720,72,14,Endocrine,144.37,Antiemetic,208,1280
Alphacarpril,1296,108,21,Respiratory,89.08,Antihypertensive,491,2691
Ultrasulpine,152,38,14,Respiratory,100.99,Bronchodilator,56,423
Maxlevpril,1023,93,5,Endocrine,184.92,Antiemetic,379,2557
Neofencillin,1188,132,5,General,144.13,Anticonvulsant,457,2508
Maxcarlol,264,66,21,Cardiology,125.65,Antidepressant,72,646
Maxtrinol,1104,138,21,Endocrine,56.81,Antibiotic,356,2044
Ultraflustatin,2868,239,10,Endocrine,13.12,Antibiotic,877,6326
Ultrasulcillin,2250,250,7,ICU,183.63,Anticonvulsant,786,5362
Betalevcillin,360,120,10,ICU,128.42,Antiemetic,134,730
Metamormycin,780,195,7,General,168.27,Antidepressant,290,1552
Neomorcaine,444,74,21,ICU,169.89,Analgesic,161,890
Betalevcillin,711,237,10,ICU,191.14,Antihypertensive,261,1740
Superdexcillin,112,28,21,Respiratory,12.55,Diuretic,23,169
Gammaacezole,280,56,21,Respiratory,81.03,Analgesic,60,437
Gammamorcaine,1645,235,21,Respiratory,156.33,Antibiotic,608,4350
Supermorlol,415,83,5,Respiratory,149.05,Bronchodilator,123,1073
Protrisartan,2550,255,14,ICU,19.0,Bronchodilator,1001,3977
Alphatrisartan,666,74,5,General,128.67,Bronchodilator,185,1826
Neomorcaine,2470,247,14,Endocrine,153.16,Analgesic,706,6220
Metaacelol,744,248,7,ICU,2.91,Antibiotic,227,1989
Maxfencillin,915,183,7,ICU,182.73,Analgesic,307,1543
Gammadexstatin,72,12,14,Cardiology,173.35,Anticonvulsant,14,181
Betalevzole,666,222,7,General,49.61,Anticonvulsant,152,1668
Metacarcaine,1104,184,10,Respiratory,20.52,Antibiotic,382,2474
Ultraacenol,774,258,10,Gastro,51.66,Anticonvulsant,159,1740
Gammametpril,1518,253,5,Respiratory,5.09,Bronchodilator,355,3452
Deltadexcaine,744,248,5,General,44.12,Bronchodilator,150,1562
Ultracarcillin,784,112,10,General,154.15,Antibiotic,312,2156
Ultraacezole,57,19,10,General,177.72,Antiemetic,17,151
Metacarsartan,1470,245,10,Gastro,168.43,Antiemetic,430,2413
Metametstatin,220,44,21,Endocrine,73.31,Anticonvulsant,56,463
Neofennol,339,113,7,Endocrine,138.7,Antiemetic,90,693
Ultraacestatin,360,30,10,Neurology,148.92,Antibiotic,107,703
Betalevsartan,2805,255,21,General,168.17,Antiemetic,827,4850
Metametzole,723,241,5,ICU,145.7,Antiemetic,181,1680
Prolevmycin,1080,108,7,Gastro,186.91,Diuretic,372,2336
Gammafenstatin,576,72,14,Endocrine,183.55,Analgesic,122,1521
Proflucaine,915,183,14,ICU,169.13,Antihypertensive,311,1829
Ultraacecaine,1463,133,7,Endocrine,3.26,Analgesic,473,3324
Betafensartan,1456,208,10,Cardiology,1.62,Diuretic,474,2782
Metametpine,105,21,14,Respiratory,190.32,Antihypertensive,31,159
Ultrasulpril,468,39,10,Endocrine,35.19,Bronchodilator,133,915
Betadexcillin,2364,197,7,ICU,72.89,Bronchodilator,833,5049
Alphametsartan,745,149,5,Respiratory,142.26,Anticonvulsant,211,1286
Ultracarzole,1680,240,10,Neurology,168.59,Antihypertensive,612,4444
Superlevcillin,2619,291,5,Gastro,196.1,Anticonvulsant,907,4416
Neoacepine,64,16,21,Gastro,68.08,Anticonvulsant,17,119
Maxdexcaine,596,149,21,Cardiology,38.56,Diuretic,231,945
Supertrimycin,1560,130,14,Gastro,154.23,Diuretic,389,2405
Deltacarmycin,2592,288,14,Gastro,65.53,Antiemetic,751,6300
Maxmetstatin,324,27,7,Respiratory,166.53,Antiemetic,74,571
Gammaacesartan,352,44,10,ICU,15.34,Antihypertensive,92,946
Ultralevmycin,412,103,10,Neurology,84.78,Antidepressant,106,1029
Alphamorstatin,1428,119,14,ICU,180.94,Bronchodilator,489,2146
Gammaflupine,2860,286,21,Endocrine,167.86,Antidepressant,1051,5826
Deltamorpril,1124,281,5,Neurology,36.81,Anticonvulsant,304,2849
Alphafencillin,1800,150,14,Gastro,94.86,Antibiotic,482,3149
Metaacecaine,1729,247,21,Cardiology,18.26,Bronchodilator,479,4669
Protripine,1135,227,10,General,68.66,Anticonvulsant,446,2877
Betaacecillin,690,69,14,ICU,58.7,Bronchodilator,272,1204
Maxsulpril,1456,208,14,Endocrine,95.26,Anticonvulsant,505,2541
Deltadexcillin,736,184,10,Neurology,60.48,Bronchodilator,202,1164
Metafennol,1248,104,14,ICU,162.6,Diuretic,416,3204
Maxflustatin,300,60,5,Neurology,104.14,Antihypertensive,87,510
Superlevnol,1727,157,7,Cardiology,180.89,Antihypertensive,573,3266
Gammacarsartan,1791,199,10,Neurology,40.99,Bronchodilator,694,4897
Gammacarstatin,476,119,10,Cardiology,188.61,Anticonvulsant,98,1048
Alphaacemycin,2860,286,5,ICU,139.19,Diuretic,699,7958
Alphadexsartan,1554,259,7,General,181.49,Anticonvulsant,486,2863
Metalevpine,3212,292,21,Cardiology,123.41,Diuretic,650,5468
Neotrizole,1415,283,14,Respiratory,198.61,Antihypertensive,425,3009
Ultralevsartan,2052,228,14,Gastro,97.4,Bronchodilator,508,4218
Metadexcaine,2106,234,5,Respiratory,79.98,Bronchodilator,596,4226
Deltatrimycin,192,24,21,Endocrine,110.13,Diuretic,67,320
Betasullol,1572,262,7,Endocrine,153.33,Antiemetic,419,4259
Betalevpril,847,121,5,ICU,1.31,Bronchodilator,324,1370
Deltalevcaine,270,54,14,General,59.73,Antiemetic,75,439
Metadexcaine,1158,193,21,Endocrine,198.03,Anticonvulsant,250,2954
Metatripril,604,151,21,Respiratory,147.81,Antiemetic,181,1605
Alphamorzole,123,41,21,Neurology,160.61,Antiemetic,40,291
Ultrafenlol,900,300,5,Cardiology,16.9,Diuretic,187,1360
Betadexstatin,1320,264,10,Cardiology,187.09,Antibiotic,301,2723
Superfenzole,742,106,7,General,43.43,Antiemetic,214,1437
Neomorcillin,1100,100,10,Endocrine,102.06,Bronchodilator,407,2083
Ultrasulzole,528,44,10,General,194.59,Antiemetic,131,1078
Ultrafennol,1122,187,5,Endocrine,120.44,Antiemetic,410,2834
Maxfenpine,2490,249,21,Cardiology,89.66,Antibiotic,549,4729
Neofenpril,1458,243,14,Endocrine,106.59,Antihypertensive,509,2625
Ultratristatin,1070,214,10,Cardiology,76.8,Antiemetic,231,2703
Betalevzole,1728,144,10,General,71.63,Antibiotic,503,3422
Ultraflulol,1573,143,10,Gastro,157.96,Antiemetic,548,3456
Ultradexpine,1379,197,21,General,80.16,Diuretic,459,2413
Superfluzole,1956,163,14,Respiratory,133.32,Analgesic,558,3857
Gammalevstatin,104,13,7,Respiratory,40.95,Anticonvulsant,25,288
Betalevmycin,896,112,7,ICU,172.75,Diuretic,265,1350
Maxfenmycin,3036,253,21,Respiratory,125.26,Anticonvulsant,795,5523
Maxflumycin,474,79,5,Gastro,128.36,Diuretic,177,1041
Maxflusartan,517,47,10,Respiratory,150.2,Antihypertensive,196,1383
Metatrizole,1053,117,7,Endocrine,161.16,Anticonvulsant,289,2635
Ultramorpine,1932,161,10,Neurology,25.41,Analgesic,657,3666
Betasulpril,1413,157,7,Cardiology,91.82,Bronchodilator,374,3821
Betaacezole,2136,178,14,Cardiology,31.34,Diuretic,539,3653
Metaacezole,784,112,5,Endocrine,23.92,Diuretic,282,2188
Betalevmycin,798,133,7,ICU,164.0,Diuretic,164,1484
Neodexzole,3192,266,21,Endocrine,133.57,Antibiotic,1244,5997
Proflulol,480,48,14,General,33.15,Anticonvulsant,141,811
Deltametzole,468,39,7,General,31.15,Bronchodilator,138,1062
Protrinol,413,59,10,Respiratory,176.57,Bronchodilator,144,897
Proacezole,300,75,5,Gastro,31.38,Bronchodilator,119,674
Ultrametpril,2619,291,7,Neurology,59.47,Anticonvulsant,688,6335
Alphacarpine,420,140,10,General,186.03,Antiemetic,107,763
Betametcillin,240,48,21,Cardiology,182.79,Diuretic,48,643
Maxcarcillin,290,29,7,ICU,87.75,Bronchodilator,70,606
Deltamorcillin,1780,178,21,ICU,139.73,Anticonvulsant,636,4285
Maxacenol,1784,223,10,Endocrine,87.74,Diuretic,417,4441
Supermorzole,700,140,5,Respiratory,35.89,Antidepressant,256,1093
Alphaflucaine,472,118,7,Cardiology,195.29,Anticonvulsant,171,1115
Deltafennol,804,134,5,General,187.68,Antihypertensive,186,1565
Neotrimycin,810,162,10,General,134.62,Antibiotic,215,1687
Prosulpril,575,115,5,ICU,52.47,Antihypertensive,173,1157
Maxtripril,1824,228,7,Gastro,180.75,Diuretic,468,3524
Deltasullol,1260,252,7,Endocrine,18.45,Antihypertensive,374,2297
Metasulmycin,610,122,14,Gastro,97.38,Antibiotic,185,1553
Gammacarpril,1488,248,14,Respiratory,10.01,Antihypertensive,518,2456
Metaacesartan,1518,138,21,Cardiology,8.55,Anticonvulsant,566,2871
Metadexpril,335,67,7,Endocrine,66.35,Diuretic,126,671
Neocarlol,3080,280,10,Respiratory,93.2,Antidepressant,930,5320
Deltafenstatin,954,159,5,Gastro,73.62,Antihypertensive,363,2134
Prometlol,156,52,10,Cardiology,61.87,Antihypertensive,53,272
Gammasulnol,1926,214,5,Cardiology,51.01,Antihypertensive,418,3700
Deltafencaine,1736,217,7,Respiratory,23.51,Antiemetic,642,3385
Gammatrilol,477,159,21,ICU,59.5,Bronchodilator,123,907
Metatrimycin,825,75,14,Cardiology,165.57,Anticonvulsant,304,1494
Prosulcillin,525,75,7,General,71.22,Bronchodilator,190,898
Protrizole,1310,131,10,Gastro,5.03,Anticonvulsant,291,2002
Metatripril,588,49,5,Endocrine,28.29,Anticonvulsant,125,1343
Gammatripril,1044,261,5,Endocrine,43.28,Antihypertensive,312,1982
Ultrafenzole,483,69,21,General,166.22,Antidepressant,128,943
Deltaflusartan,2023,289,5,General,110.5,Bronchodilator,531,4034
Metasulpril,2860,286,5,Cardiology,76.55,Bronchodilator,679,4628
Ultraflupine,1120,280,21,ICU,162.2,Anticonvulsant,337,2179
Superacesartan,234,26,21,General,24.64,Analgesic,86,647
Deltaflulol,1490,149,14,Endocrine,86.37,Bronchodilator,370,3585
Deltatrimycin,3180,265,10,Respiratory,54.31,Antihypertensive,1259,7537
Ultramorpine,1432,179,5,Respiratory,7.02,Antiemetic,463,2934
Gammatrinol,2610,261,5,Cardiology,55.16,Diuretic,591,4400
Gammametmycin,560,70,21,Gastro,17.36,Antiemetic,174,1021
Ultracarlol,564,94,7,Neurology,132.16,Bronchodilator,167,1521
Gammametlol,232,29,14,Gastro,134.63,Bronchodilator,52,570
Supercarcillin,856,214,21,Respiratory,181.39,Anticonvulsant,262,2180
Betamornol,2090,190,14,Respiratory,122.6,Diuretic,784,3382
Deltadexpril,1185,237,10,General,123.85,Antibiotic,421,2035
Alphatrinol,147,21,14,Neurology,70.08,Diuretic,36,361
Gammatricaine,678,113,14,General,143.89,Antidepressant,227,1721
Ultratrilol,720,120,14,Gastro,129.44,Diuretic,248,1490
Metacarsartan,78,13,21,Neurology,37.84,Antihypertensive,23,212
Superlevpine,320,40,21,Cardiology,103.78,Antibiotic,125,891
Neocarnol,352,32,14,Gastro,114.2,Antibiotic,84,698
Ultrametcillin,1030,206,5,Cardiology,187.92,Antibiotic,390,2005
Neocarstatin,245,35,10,Respiratory,140.76,Antihypertensive,82,644
Supertripril,225,25,7,ICU,48.06,Antidepressant,88,561
Procarpine,2860,260,5,General,39.92,Diuretic,653,7177
Maxlevzole,690,230,14,Cardiology,53.71,Bronchodilator,193,1416
Gammatristatin,240,24,10,Gastro,184.71,Bronchodilator,67,504
Supermorcillin,738,246,14,Endocrine,124.54,Antibiotic,167,1922
Betacarcaine,413,59,21,Neurology,119.41,Anticonvulsant,120,957
Supersulcaine,2486,226,5,Endocrine,151.38,Antihypertensive,538,5011
Ultrasulcillin,225,75,21,Endocrine,179.11,Antiemetic,80,339
Prolevstatin,1740,290,14,Respiratory,104.74,Anticonvulsant,573,3951
Deltafenpril,2740,274,21,Gastro,38.77,Anticonvulsant,842,5465
Deltamorstatin,1540,154,7,General,168.23,Diuretic,381,3868
Ultraacezole,762,127,10,Gastro,62.28,Analgesic,163,1729
Supersulcaine,3278,298,5,ICU,57.83,Antidepressant,702,7344
Ultraacenol,1788,298,21,Endocrine,69.63,Antihypertensive,621,2755
Neometsartan,1375,275,7,Gastro,170.4,Antidepressant,322,2731
Metatrinol,170,34,14,ICU,51.7,Diuretic,45,429
Alphacarnol,954,159,5,ICU,119.26,Antidepressant,299,2630
Alphalevpine,231,77,21,Gastro,25.42,Antiemetic,73,531
Superfenpine,490,70,10,ICU,36.79,Analgesic,155,885
Alphaacestatin,880,88,10,Respiratory,172.17,Anticonvulsant,264,2137
Maxflucaine,1432,179,5,Respiratory,6.13,Anticonvulsant,408,2432
Supermetmycin,456,76,21,ICU,138.32,Bronchodilator,177,1118
Prodexpine,312,39,14,Endocrine,152.2,Antiemetic,98,469
Prometstatin,2988,249,10,General,40.8,Analgesic,1016,7223
Proflustatin,1156,289,10,Neurology,109.81,Diuretic,460,1967
Promorlol,3300,300,7,Cardiology,59.36,Analgesic,1313,7877
Profluzole,1140,95,5,General,120.85,Antidepressant,451,2087
Ultralevcillin,462,66,21,Gastro,115.51,Antidepressant,180,772
Ultrasulcillin,270,27,10,Endocrine,157.41,Diuretic,105,504
Betaflucillin,896,112,7,General,167.68,Antiemetic,339,1364
Promorpril,1456,182,21,Neurology,67.52,Antibiotic,377,3175
Ultraacestatin,195,65,7,Gastro,88.54,Bronchodilator,70,516
Gammamornol,624,208,10,Respiratory,130.93,Analgesic,125,1362
Betaflusartan,2720,272,14,Respiratory,38.43,Antiemetic,566,5544
Metadexlol,1728,144,5,ICU,52.09,Antihypertensive,410,4048
Protristatin,2439,271,14,Respiratory,19.86,Bronchodilator,577,5466
Ultratrizole,441,147,7,Endocrine,156.88,Bronchodilator,128,1160
Neodexzole,1728,216,10,Endocrine,106.29,Bronchodilator,506,4419
Promorcaine,472,59,7,Neurology,50.02,Antihypertensive,114,1014
Metalevpril,820,205,14,Gastro,66.31,Antiemetic,199,2288
Alphadexzole,52,13,10,Neurology,99.43,Bronchodilator,13,126
Supersulzole,2088,261,21,Respiratory,180.09,Analgesic,438,5004
Gammacarpril,837,93,10,Endocrine,160.71,Anticonvulsant,180,2001
Alphatricaine,336,56,10,Neurology,131.38,Anticonvulsant,119,920
Metaflupril,2448,204,14,General,105.84,Diuretic,629,6294
Metaflunol,2288,208,10,Endocrine,147.65,Bronchodilator,646,4820
Metaacecillin,888,74,7,General,25.6,Diuretic,258,2421
Gammametnol,936,156,21,Endocrine,45.39,Antihypertensive,350,1472
Deltalevnol,705,235,7,Neurology,16.4,Anticonvulsant,258,1223
Deltamorcaine,276,92,21,Endocrine,176.14,Diuretic,107,483
Metamormycin,1359,151,7,Neurology,170.58,Bronchodilator,275,3147
Gammadexmycin,1470,147,7,Cardiology,72.86,Antibiotic,296,3651
Superacezole,824,103,21,Cardiology,186.34,Anticonvulsant,302,2061
Supersulsartan,460,92,5,Endocrine,147.09,Analgesic,138,1191
Deltaacemycin,1224,153,10,Respiratory,134.03,Antibiotic,371,2039
Supersullol,925,185,5,ICU,82.0,Antibiotic,230,1703
Ultrafenmycin,2142,238,5,Neurology,186.05,Analgesic,530,3754
Deltadexpril,1504,188,14,General,86.65,Antihypertensive,476,2367
Supermornol,490,49,7,Respiratory,136.16,Bronchodilator,121,917
Betacarzole,618,206,5,Endocrine,5.0,Antihypertensive,181,1393
Metatrimycin,2380,238,21,Endocrine,190.27,Diuretic,538,5862
Maxtricaine,450,75,21,Endocrine,51.57,Antibiotic,146,1201
Betadexcillin,960,80,14,Respiratory,85.07,Analgesic,279,2287
Neocarlol,720,120,21,ICU,32.24,Antiemetic,177,1342
Ultrafencillin,1485,165,10,Gastro,73.35,Antibiotic,524,3075
Ultracarcaine,912,76,10,Endocrine,120.19,Bronchodilator,329,1783
Betaflupril,1488,124,7,General,136.69,Diuretic,317,3476
Betacarnol,1971,219,14,ICU,91.47,Antidepressant,517,4184
Procarpril,240,48,21,ICU,143.2,Diuretic,78,593
Ultradexpine,830,83,7,Endocrine,187.25,Analgesic,307,1417
Deltafenzole,2464,224,14,Gastro,5.39,Antiemetic,574,5928
Alphaflulol,800,100,7,Respiratory,159.8,Anticonvulsant,181,1847
Metaacenol,1270,254,7,Neurology,44.04,Antibiotic,430,2984
Gammalevcillin,1342,122,7,Endocrine,187.42,Antidepressant,351,2182
Betalevsartan,1206,201,21,General,42.7,Antihypertensive,339,3090
Proacelol,276,92,7,General,199.58,Anticonvulsant,71,435
Alphametpril,639,71,10,Cardiology,173.1,Anticonvulsant,172,1336
Ultracarsartan,1043,149,7,Respiratory,56.55,Anticonvulsant,271,2320
Supertricaine,1330,133,10,Endocrine,30.32,Diuretic,459,2295
Ultrasullol,511,73,5,Gastro,8.0,Antidepressant,158,1340
Betadexlol,1700,170,21,Neurology,5.32,Antibiotic,584,3466
Prometcillin,2030,290,21,Endocrine,113.32,Antidepressant,656,4060
Betaflupine,2286,254,14,General,134.22,Antidepressant,787,3463
Superfennol,980,245,7,Cardiology,66.98,Antidepressant,288,2199
Prosulsartan,1446,241,21,Respiratory,96.38,Analgesic,349,3065
Proflupine,1876,268,10,Endocrine,165.1,Antidepressant,508,4940
Prodexlol,2097,233,7,Cardiology,169.11,Antidepressant,502,5152
Neoflucaine,1512,189,7,Neurology,82.34,Anticonvulsant,525,2394
Promorpine,2272,284,21,Respiratory,113.47,Antidepressant,736,5717
Supertrisartan,351,39,21,Gastro,147.66,Analgesic,105,775
Deltasulcaine,2592,288,7,Respiratory,145.43,Antihypertensive,768,4157
Metamornol,2232,279,10,Endocrine,119.28,Anticonvulsant,722,4794
Neofencaine,565,113,14,Respiratory,137.47,Antihypertensive,132,1138
Procarlol,276,92,14,Respiratory,192.82,Antiemetic,60,439
Metacarpril,400,50,10,Endocrine,12.71,Antihypertensive,144,685
Betasulmycin,1128,188,14,ICU,91.23,Antidepressant,355,1943
Betadexsartan,410,82,14,Endocrine,142.29,Diuretic,85,953
Deltaflusartan,90,30,7,General,101.53,Analgesic,32,187
Metafencillin,816,102,21,Respiratory,29.59,Anticonvulsant,221,1533
Supermetpril,540,180,21,Endocrine,131.9,Diuretic,148,821
Betacarpine,651,93,14,Gastro,147.97,Diuretic,248,1084
Gammafencaine,2244,187,7,Gastro,112.58,Diuretic,797,3990
Alphametmycin,165,55,14,Neurology,83.12,Bronchodilator,44,253
Alphamorpril,407,37,5,General,116.65,Analgesic,161,1053
Metametlol,762,254,14,ICU,27.62,Bronchodilator,191,1671
Maxtricaine,532,133,14,Endocrine,76.58,Bronchodilator,198,1022
Metatripril,180,45,10,Cardiology,111.33,Analgesic,52,427
Gammasulzole,576,64,10,Respiratory,82.91,Analgesic,216,1053
Gammaacepine,2130,213,10,Cardiology,139.24,Diuretic,724,5213
Betadexzole,348,87,21,Respiratory,56.9,Antibiotic,86,935
Betaacepril,1264,158,10,Cardiology,105.24,Bronchodilator,414,2553
Alphacarcaine,1030,103,14,Neurology,89.25,Antidepressant,320,2689
Alphalevmycin,654,109,7,ICU,69.8,Bronchodilator,213,1479
Ultraacestatin,784,196,10,Neurology,145.05,Anticonvulsant,286,1878
Deltacarlol,96,12,7,Endocrine,133.43,Analgesic,29,206
Ultrasulcaine,1810,181,14,ICU,172.77,Anticonvulsant,519,4059
Betaacecillin,548,137,5,ICU,125.74,Analgesic,126,1263
Ultramorzole,1360,272,14,Gastro,132.73,Analgesic,427,3394
Superdexpril,1320,165,7,Neurology,64.63,Antihypertensive,480,2220
Ultraacestatin,1575,225,5,Respiratory,16.36,Anticonvulsant,443,3342
Metatrilol,2662,242,21,Gastro,49.17,Antiemetic,765,5795
Betacarnol,204,34,10,Endocrine,112.24,Antiemetic,67,337
Betalevstatin,2200,200,5,Gastro,62.52,Antihypertensive,843,5880
Alphasulpril,531,59,10,ICU,42.67,Antiemetic,211,1188
Protripril,2850,285,5,Endocrine,54.56,Analgesic,601,4464
Deltamorcaine,550,50,14,Respiratory,69.75,Bronchodilator,118,958
Ultraflustatin,1701,189,10,General,102.33,Antidepressant,508,4088
Betamorcillin,2940,294,21,Gastro,59.88,Antibiotic,621,5276
Neoacezole,465,155,14,Cardiology,135.71,Anticonvulsant,154,910
Prodexsartan,90,10,10,Gastro,114.36,Antiemetic,24,199
Metamorsartan,1350,150,14,Respiratory,89.78,Antihypertensive,521,3154
Maxflucaine,252,36,10,General,23.26,Antihypertensive,99,677
Ultraflunol,1296,108,5,Respiratory,164.81,Antidepressant,439,2789
Neoacecillin,1539,171,14,ICU,34.48,Bronchodilator,373,4037
Alphadexmycin,1164,194,21,Neurology,9.37,Analgesic,442,2023
Metatrisartan,3120,260,14,Endocrine,171.49,Antidepressant,1093,5080
Metaacecaine,2496,208,14,Gastro,128.6,Antiemetic,744,6520
Metafenpine,852,213,5,Gastro,172.82,Antihypertensive,220,2143
Ultracarzole,555,111,21,Neurology,68.62,Antibiotic,169,1502
Neocarpine,448,56,10,Respiratory,198.96,Antihypertensive,93,890
Metafluzole,2464,224,7,ICU,161.21,Antiemetic,621,4782
Alphalevnol,1628,148,5,General,65.83,Antibiotic,394,2736
Alphalevzole,2400,300,21,General,94.48,Antidepressant,784,5099
Neocarnol,591,197,14,Respiratory,28.38,Antibiotic,204,1601
Alphadexnol,99,33,21,Gastro,30.74,Anticonvulsant,25,219
Betacarnol,819,91,7,Cardiology,158.15,Antihypertensive,325,1368
Deltatricillin,882,98,10,ICU,185.7,Analgesic,295,2380
Prometsartan,1120,160,5,Endocrine,77.62,Antibiotic,395,1691
Ultrafluzole,2700,300,10,Respiratory,82.71,Diuretic,1067,7079
Alphadexmycin,1235,247,5,Neurology,72.64,Antidepressant,270,3330
Deltatripine,1284,214,7,Cardiology,82.07,Antidepressant,270,2017
